Marque,Canon,Modele,Prix
Glock,Canon 1,Modele X,700
Smith & Wesson,Canon 2,Modele Y,850
Ruger,Canon 3,Modele Z,900
Browning,Canon 1,Modele A,800
Heckler & Koch,Canon 2,Modele B,950
Colt,Canon 3,Modele C,1000
Sig Sauer,Canon 1,Modele D,750
FN Herstal,Canon 2,Modele E,1100
Remington,Canon 3,Modele F,950
Beretta,Canon 1,Modele G,700
Colt,Canon 2,Modele H,900
Glock,Canon 3,Modele I,950
Smith & Wesson,Canon 1,Modele J,700
Browning,Canon 2,Modele K,950
Ruger,Canon 3,Modele L,1100
Heckler & Koch,Canon 1,Modele M,800
Sig Sauer,Canon 2,Modele N,1000
FN Herstal,Canon 3,Modele O,950
Remington,Canon 1,Modele P,700
Beretta,Canon 2,Modele Q,950
Glock,Canon 1,Modele A,600
Beretta,Canon 2,Modele B,850
Smith & Wesson,Canon 3,Modele C,700
Ruger,Canon 1,Modele D,550
Sig Sauer,Canon 2,Modele E,900
Glock,Canon 3,Modele F,750
Smith & Wesson,Canon 1,Modele G,500
Beretta,Canon 2,Modele H,950
Ruger,Canon 3,Modele I,800
Sig Sauer,Canon 1,Modele J,400
Smith & Wesson,Canon 1,Modele X,550
Glock,Canon 2,Modele Y,750
Beretta,Canon 3,Modele Z,900
Ruger,Canon 1,Modele A,600
Sig Sauer,Canon 2,Modele B,800
Glock,Canon 3,Modele C,700
Smith & Wesson,Canon 1,Modele D,500
Beretta,Canon 2,Modele E,850
Ruger,Canon 3,Modele F,700
Sig Sauer,Canon 1,Modele G,450
Glock,Canon 2,Modele H,650
Beretta,Canon 3,Modele I,950
Smith & Wesson,Canon 1,Modele J,550
Ruger,Canon 2,Modele K,700
Sig Sauer,Canon 3,Modele L,900
Glock,Canon 1,Modele M,550
Beretta,Canon 2,Modele N,800
Ruger,Canon 3,Modele O,750
Smith & Wesson,Canon 1,Modele P,500
Glock,Canon 2,Modele Q,750
Glock,Canon 1,Modele A,600
Smith & Wesson,Canon 2,Modele B,850
Beretta,Canon 3,Modele C,700
Sig Sauer,Canon 1,Modele D,550
Ruger,Canon 2,Modele E,900
Glock,Canon 3,Modele F,750
Beretta,Canon 1,Modele G,500
Smith & Wesson,Canon 2,Modele H,950
Ruger,Canon 3,Modele I,800
Sig Sauer,Canon 1,Modele J,400
Glock,Canon 2,Modele K,650
Beretta,Canon 3,Modele L,700
Smith & Wesson,Canon 1,Modele M,550
Ruger,Canon 2,Modele N,750
Sig Sauer,Canon 3,Modele O,900
Glock,Canon 1,Modele P,550
Beretta,Canon 2,Modele Q,800
Ruger,Canon 3,Modele R,750
Smith & Wesson,Canon 1,Modele S,500
Glock,Canon 2,Modele T,750
Colt,Canon 1,Modele A,800
Heckler & Koch,Canon 2,Modele B,1000
Browning,Canon 3,Modele C,900
Smith & Wesson,Canon 1,Modele D,750
Ruger,Canon 2,Modele E,1100
Glock,Canon 3,Modele F,950
Sig Sauer,Canon 1,Modele G,700
Beretta,Canon 2,Modele H,1200
Remington,Canon 3,Modele I,1000
FN Herstal,Canon 1,Modele J,650
Colt,Canon 2,Modele K,900
Heckler & Koch,Canon 3,Modele L,950
Browning,Canon 1,Modele M,700
Smith & Wesson,Canon 2,Modele N,950
Ruger,Canon 3,Modele O,1100
Glock,Canon 1,Modele P,750
Sig Sauer,Canon 2,Modele Q,1000
Beretta,Canon 3,Modele R,950
Remington,Canon 1,Modele S,700
FN Herstal,Canon 2,Modele T,950
Glock,Canon 1,Modele A,750
Smith & Wesson,Canon 2,Modele B,900
Ruger,Canon 3,Modele C,950
Browning,Canon 1,Modele D,800
Heckler & Koch,Canon 2,Modele E,1000
Colt,Canon 3,Modele F,1100
Sig Sauer,Canon 1,Modele G,700
FN Herstal,Canon 2,Modele H,1200
Remington,Canon 3,Modele I,1000
Beretta,Canon 1,Modele J,750
Colt,Canon 2,Modele K,900
Glock,Canon 3,Modele L,950
Smith & Wesson,Canon 1,Modele M,700
Browning,Canon 2,Modele N,950
Ruger,Canon 3,Modele O,1100
Heckler & Koch,Canon 1,Modele P,800
Sig Sauer,Canon 2,Modele Q,1000
FN Herstal,Canon 3,Modele R,950
Remington,Canon 1,Modele S,700
Beretta,Canon 2,Modele T,950